human_json_url,declared_url,version,discovery,n_vouches,vouches
https://sethmlarson.dev/human.json,https://sethmlarson.dev,0.1.1,link,104,https://foosel.net https://evanhahn.com/ https://hynek.me https://aeva.online https://posts.decontextualize.com https://www.agwa.name https://antocuni.eu https://grayduck.mn https://lifeofaudrey.com https://venthur.de https://www.better-simple.com https://snarky.ca https://cabel.com https://cuyler36.github.io https://dansinker.com https://www.torgo.com https://daniel.haxx.se https://tinysubversions.com https://davidism.com https://blog.glyph.im https://blog.glyph.im https://soatok.blog https://digitalseams.com https://www.duaneobrien.com https://dustingram.com https://eli.lipsitz.net https://emilygorcenski.com https://emmatyping.dev https://www.erininthemorning.com https://erinkissane.com https://ethanmarcotte.com https://evanhahn.com https://fabiensanglard.net https://words.filippo.io https://frederikbraun.de https://thewhitepages.net https://georgiker.com https://blarg.ca https://notetoself.studio https://glasnt.com https://neopythonic.blogspot.com https://hannahaubry.online https://haterade.substack.com https://henry.codes https://henry.codes https://hugovk.dev https://100r.co https://huonw.github.io https://www.hypertalking.com https://igwgames.com https://blog.ian.stapletoncordas.co https://volochii.dev https://infrequently.org https://interconnected.org http://jacobian.org http://www.b-list.org https://jamchamb.net https://www.jvgs.net https://blog.jim-nielsen.com https://www.joelonsoftware.com https://www.jofamo.com http://jvns.ca http://blog.juliaferraioli.com https://tante.cc https://blog.legoktm.com https://kushaldas.in https://legendsoflocalization.com https://lmnt.me https://ludic.mataroa.blog https://moonbase.lgbt https://mar.coconauts.net https://unsung.aresluna.org https://www.mnot.net https://mattgreer.dev https://www.miketheman.net https://mousebitelabs.com https://nataliethenerd.com https://blog.nataliethenerd.com https://vorpus.org https://nedbatchelder.com https://neogeofanclub.com https://nicole.express https://tonsky.me https://opensourcesecurity.io https://picandocodigo.net https://pythonspeed.com https://quentin.pradet.me https://rileytestut.com https://rknight.me https://blog.segiddins.me https://savannah.dev https://www.sloppydiscs.com https://blog.thea.codes https://www.harihareswara.net https://taylordahlin.com https://vstinner.github.io https://vlad.website https://www.willmcgugan.com https://blog.yossarian.net https://toruzz.com https://visualrambling.space https://www.wrecka.ge https://lukasz.langa.pl https://pythonbynight.com
https://rldane.space/data/human.json,https://rldane.space/,0.1.1,link,71,https://isaaclyman.com/blog/ https://www.eamoncaddigan.net/ https://brainbaking.com/ https://danielle.bearblog.dev https://whynothugo.nl/ https://kevinboone.me/ https://ploum.net/ https://write.as/radiantdoubts/ https://blurbs.benjaminhollon.com/ https://freedomtowrite.org/ https://benjaminhollon.com/ https://tty1.blog/ https://justine.smithies.me.uk/ https://ww0cj.radio/ https://blog.cron.world/ https://stevenbrady.com/ https://bbbhltz.codeberg.page https://clouderst.xyz/ https://danielmrose.com/ https://ddlyh.smol.pub https://fbievan.live/ https://orbitalmartian.polymaths.page/ https://sotolf.codeberg.page/ https://bfloeser.de/posts/ https://rubenerd.au/ https://blog.europlus.zone https://bfloeser.de/ https://82mhz.net/ https://www.kytta.dev/ https://www.adamsdesk.com/ https://lxak.net/ https://axxuy.com/ https://btp.dev https://burgeonlab.com/ https://claytonerrington.com/ https://d.moonfire.us/ https://dwunabridged.blogspot.com/ https://write.as/davepolaschek/ https://thesaigoneer.bearblog.dev/ https://doserver.top/ https://hypersubject.net/ https://ellanew.com https://write.as/spaceraser/ https://forkingmad.blog https://hunden.linuxkompis.se/ https://hund.linuxkompis.se/ https://inspiredbyfaith88.blogspot.com/ https://it-notes.dragas.net https://joelchrono12.xyz/ https://kevquirk.com https://lategamer.bearblog.dev https://lazybea.rs/ https://writeblankspace.netlify.app/ https://michaeldingler.de https://michal.sapka.pl/rss.xml https://moose.ca/ https://my-notes.dragas.net/ https://noisydeadlines.net/ https://orbitalmartian.polymaths.page// https://zola.passthejoe.net https://paulwilde.uk https://persrex.xyz/ http://www.renedario.com/ https://stfn.pl/ https://suburbanalities.blogspot.com/ https://journal.bsd.cafe https://catecheticconverter.com/ https://blog.thechases.com https://downiefamily.wixsite.com/wherebreadisfound/ https://ww0cj.radio/ https://ajroach42.com/
https://artlung.com/human.json,https://artlung.com/,0.1.1,link,70,https://zacharykai.net/ https://winnerwind.in/ https://www.mollywhite.net https://werd.io https://welchwrite.com/blog/ https://waxy.org/ https://www.lazaruscorporation.co.uk https://www.interfluidity.com/ https://herebox.org http://www.vanderwal.net/ https://andre.torrez.org/ https://tantek.com/ https://reillyspitzfaden.com/blog/ https://alexsirac.com/ https://nicksimson.com https://david.shanske.com https://ohhelloana.blog https://gregr.org https://www.rachelskirts.com/ https://powazek.com/ https://powazek.com/ https://amerpie.lol/ https://danielpietzsch.com https://www.northprime.com/ https://www.imfineimfine.com/ https://noordinarymoment.com/ https://miqueladavis.com/ https://meyerweb.com/eric/thoughts https://jomc.substack.com/ https://martymcgui.re/ https://www.annemccoll.com/ https://a.wholelottanothing.org/ https://www.patreon.com/Mamatas https://maggieappleton.com/ https://www.lovejoolz.com/ https://ellyloel.com https://michaelkupietz.com/ https://www.instagram.com/hellokellykuhl https://krisztianna.com https://bkardell.com https://dead.garden/ https://jamesg.blog/ https://ironicsans.ghost.io/ https://wavelight.ws/ https://gregorlove.com/ https://greazel.com/ https://ragt.ag/ https://alexandragallant.com/ https://fractalkitty.com/ https://beesbuzz.biz/ https://tracydurnell.com/ https://goodthing.substack.com/ https://tilde.club/~deepend/ https://robida.net https://justcarrie.blog https://crowdersoup.com/ https://evermorestud.io/ https://britthub.co.uk/ https://clairikine.blogspot.com/ https://www.ciccarello.me/ https://www.jeremycherfas.net/blog https://www.tbray.org/ongoing/ https://stefanbohacek.com/ https://leohblooms.com/ https://tombickle.blogspot.com/ https://benji.dog https://spacetimetech.wordpress.com https://rossabaker.com/ https://boffosocko.com/ https://alabut.com/
https://burgeonlab.com/human.json,https://burgeonlab.com,0.1.1,link,69,https://chrisburnell.com https://joelchrono.xyz https://brennan.day https://rldane.space/ https://artlung.com https://rossabaker.com https://www.fractalkitty.com https://crowdersoup.com https://michaelkupietz.com https://alecsargent.codeberg.page/ https://lazybea.rs https://dead.garden https://dalliard.ch https://shellsharks.com https://scaglio.id https://www.adamsdesk.com https://rmendes.net https://robida.net https://ragt.ag https://kevquirk.com https://baty.net https://ekul.me https://reillyspitzfaden.com/ https://jamesg.blog/ https://html-chunder.neocities.org/ https://ploum.net/index_en.html https://axxuy.com/ https://fundor333.com/ https://solariz.de/ https://ilyess.cc/ https://pupontech.com/ https://rys.io/en/index.htm/ https://www-gem.codeberg.page/ https://enocc.com/ https://zacharykai.net/ https://tangiblelife.net/ https://paultibbetts.uk/ https://cassie.ink/ https://マリウス.com/ https://blog.ppb1701.com/ https://david.shanske.com/ https://bearly-creative.de/ https://www.rubenerd.au/ https://penjurupikiran.com/ https://kiko.io/ https://imperfect.bearblog.dev/ https://eireidium.com/randomosity/ https://benjaminhollon.com/ https://forkingmad.blog/ https://fnhipster.com/ https://danielpietzsch.com/ https://bjoern.stierand.org/ https://tantek.com/ https://tabitha.computer/ https://pcarrier.com/ https://vanderwal.net/ https://michaelkupietz.com/ https://abhinavsarkar.net/ https://hamatti.org/ https://lesleylai.info/ https://www.ciccarello.me/ https://ohhelloana.blog/ https://robertbirming.com/ https://thamara.co.uk/ https://kedara.eu/ https://vhbelvadi.com/ https://jeddacp.com/ https://thetangent.space/ https://gregorlove.com/
https://brennan.day/human.json,https://brennan.day,0.1.1,link,67,https://neatnik.net https://runs.lol https://rknight.me https://journeysinfilm.org https://ohhelloana.blog https://busterbenson.com https://gavart.ist https://backyardtinker.bearblog.dev https://blog.darylsun.page https://shellsharks.com https://mat.tl https://szadkowski.fr https://artlung.com https://ritual.sh https://shojiwax.com https://burgeonlab.com https://fairieswearboots.org https://www.thefrugalgamer.net https://spacetimetech.wordpress.com https://sightlessscribbles.com https://pixel-dirt.com https://wrywriter.ca https://macmanx.com https://fedi.directory https://theonlyblogever.com https://www.nfnitloop.com https://bubblegum.girlonthemoon.xyz http://rites.vislae.town https://www.adamdjbrett.com https://villepreux.net https://blog.n8fq.org/social/jillybeans https://emontheinternet.me https://bobmonsour.com https://melaniekat.com https://tomotama.com https://jan.miksovsky.com https://binarydigit.net https://benovermyer.com https://dbushell.com https://hisvirusness.com https://lazybea.rs https://stephvee.ca https://tylersticka.com https://cobb.land https://benjamim.neocities.org https://yummyurinal.bearblog.dev https://folkmoss.space https://mike.helmers.me https://paperpilot.dev https://khleedril.org/blog https://rmendes.net https://thatoddshade.is-a.dev https://robida.net https://vonexplaino.com https://www.dozenialdragons.me.uk/about/ https://paullieberman.net https://christopherhimes.com https://www.andycarolan.com https://mkultra.monster/pages/about/ https://adam.omg.lol https://osteophage.neocities.org https://jamesg.blog https://matling.fit https://maique.eu https://blog.helenchong.omg.lol/en/ https://rahim.li https://aetheranne.ca
https://vhbelvadi.com/human.json,https://vhbelvadi.com,0.1,link,66,https://www.brycewray.com https://hamatti.org https://hidde.blog https://journal.james-zhan.com https://westenberg.beehiiv.com https://zinzy.website https://austinkleon.com https://holzer.online https://telescoper.blog https://www.math.columbia.edu/~woit/wordpress https://adactio.com https://kevinspencer.org/posts https://kevquirk.com https://lars-christian.com https://writingslowly.com https://manuelmoreale.com https://kimberlyhirsh.com https://marisabel.nl https://anniemueller.com https://noisydeadlines.net https://alastairjohnston.com https://francescrossley.com https://www.thisdaysportion.com/posts https://garden.mattstein.com/notes https://melanie-richards.com https://pimoore.ca https://rkoziel.com https://rb.ax https://occamstypewriter.org/scurry https://tangiblelife.net https://tracydurnell.com https://boffosocko.com https://www.gordonmclean.co.uk https://www.nicksimson.com https://suricrasia.online/sortition https://cygnoir.net https://emmajuettner.com/ https://joelchrono.xyz https://burgeonlab.com https://benjaminhollon.com https://anaolivia.micro.blog https://ohhelloana.blog https://anhvn.com https://notes.binarydigit.net https://Brennan.day https://britthub.co.uk https://loreleice.net https://gilest.org https://sorbier.neocities.org https://wavelight.ws https://notes.jeddacp.com https://moddedbear.com https://dead.garden https://kayserifserif.place https://blahg.online https://tabitha.computer https://midnightpond.com https://M9z.org https://nicks.im https://olu.online https://enocc.com https://kwon.nyc https://kedara.eu https://syls.blog https://thamara.co.uk https://zacharykai.net
https://chrisburnell.com/human.json,https://chrisburnell.com,0.1.1,link,60,https://flamedfury.com https://burgeonlab.com https://eclecticpassions.net https://letorey.co.uk https://ohhelloana.blog https://bobmonsour.com https://rknight.me https://adactio.com https://shkspr.mobi https://tylersticka.com https://robinrendle.com https://localghost.dev https://www.joshtumath.uk https://hidde.blog https://flyknifecomics.com https://ethanmarcotte.com https://darn.es https://daverupert.com https://css-irl.info https://coryd.dev https://www.jacky.wtf https://joelchrono.xyz https://artlung.com https://jvns.ca https://leilukin.com https://darylsun.page https://11tybundle.dev https://mayank.co https://hamatti.org https://joshwcomeau.com https://xandra.cc https://jamesg.blog https://darn.es https://calumryan.com https://mxb.dev https://piccalil.li https://andy-bell.co.uk https://css-irl.info https://michellebarker.co.uk https://zachleat.com https://alistairshepherd.uk https://benmyers.dev https://remysharp.com https://csswizardry.com https://brucelawson.co.uk https://lynnandtonic.com https://tink.uk https://www.sarasoueidan.com https://brainbaking.com https://jefklakscodex.com https://www.thatsmood.com https://sia.codes https://trysmudford.com https://sarajoy.dev https://andydavies.me https://ericwbailey.website https://www.matuzo.at https://amyhupe.co.uk https://www.serendavies.me https://infrequently.org
https://joelchrono.xyz/human.json,https://joelchrono.xyz,0.1.1,link,56,https://bubblegum.girlonthemoon.xyz https://82mhz.net/ https://alexanderbjoy.com/ https://alexwolfe.ca/ https://analogoffice.net/ https://anhvn.com/ https://axxuy.com/ https://basic.bearblog.dev/ https://bell.bz/ https://benjaminhollon.com/ https://blog.ohheybrian.com/ https://bobbyhiltz.com https://brainbaking.com/ https://btp.dev/ https://btxx.org/ https://chriswiegman.com/ https://claytonerrington.com/ https://d.moonfire.us/ https://discardpile.pika.page/ https://doserver.top/ https://dusanmitrovic.rs/ https://ellanew.com/ https://forkingmad.blog/ https://garrit.xyz/ https://heyloura.com/ https://hollie.eilloh.net/ https://hunden.linuxkompis.se/ https://ilyess.cc/ https://kevquirk.com https://kwon.nyc/ https://lategamer.bearblog.dev/ https://lazybea.rs/ https://lwgrs.bearblog.dev/ https://lynnandtonicblog.com/ https://manuelmoreale.com/ https://marisabel.nl/ https://minutestomidnight.co.uk https://moddedbear.com/ https://mtwb.blog/ https://noisydeadlines.net/ https://odonnellweb.com/ https://rachsmith.com https://rknight.me/ https://rldane.space/ https://rubenerd.com/ https://rusingh.com https://silviamaggidesign.com/ https://stephvee.ca/ https://syls.blog/ https://sylvia.buzz/ https://theresmiling.eu/ https://tk-web.top/ https://veronique.ink/ https://www-gem.codeberg.page/ https://www.schafe-sind-bessere-rasenmaeher.de/ https://tahimik.com/
https://neilzone.co.uk/human/human.json,https://neilzone.co.uk,0.1.1,link,50,https://shkspr.mobi/blog/ https://www.earth.li/~noodles/blog/ https://blog.infected.systems/ https://renaissance-design.net/ https://michal.sapka.pl/ https://jaimieserotica.com/ https://quotidian-ennui.github.io/ https://m0yng.uk/ https://thedent.net/ https://so.nwalsh.com/ https://www.ghost7.com/ https://www.ashbysoft.com/ https://www.girlonthenet.com https://www.onepict.com/ https://carfax.org.uk/ https://smathermather.com/ https://writing.straysong.co.uk/ https://yawnbox.eu/ https://marcusnoble.co.uk/ https://phillipsuk.org/robin/ https://russellphillips.uk/news/ https://drt24.user.srcf.net/blog/ https://janeishly.com/ https://www.patreon.com/cw/rubyjones https://medium.com/@QueenRubyJones https://blog.peter-b.co.uk/ https://serenitywomble.wordpress.com/ https://blog.thirstybear.co.uk/ https://www.uncharted-worlds.org/blog/ https://feff.works/ https://shellsharks.com/ https://aneclecticmind.com/ https://www.mygreatloopadventure.com/ https://pureandapplied.com.au/ https://blog.liw.fi/ https://mosssystem.neocities.org/ https://brunty.me/ blog.allpurposem.at https://blog.sgawolf.com/ https://www.mythic-beasts.com/blog/ https://derickrethans.nl/ https://spod.cx/ https://cosmolinguist.dreamwidth.org/ https://the-hug.org/paul/wibblings.html https://aboutabook.uk/ https://jaenis.ch https://blog.firedrake.org/ https://jmtd.net/ https://blog.smears.org/ https://catileptic.tech/
https://www.acdw.net/.well-known/human.json,https://www.acdw.net/,0.1.1,link,46,https://a-ch.in/ty-a/ https://alexschroeder.ch/ https://astrid.smith.seattle.wa.us/ https://autocento.acdw.net https://benjaminwil.info/ https://brennan.day/ https://chubs.tubsandchubs.com/ https://codeberg.org/acdw https://dogs.acdw.net https://eli.li/ https://elly.town https://enby.space/ https://ezri.pet/ https://github.com/duckwork https://helixnebula.cc/ https://lambdacreate.com https://lambdacreate.com https://lunacb.house/index.html https://m455.casa https://meanwhiling.com https://pilosophos.com https://pilosophos.com/ https://piusbird.space/ https://plastikfrucht.com/ https://previously.acdw.net https://ribo.zone/ https://spooky.academy/ https://sr.ht/~acdw https://tilde.town/~acdw https://tilde.town/~agafnd https://tilde.town/~codesquirrel https://tilde.town/~dozens https://tilde.town/~dzwdz/ https://tilde.town/~graefchen/ https://tilde.town/~hatchbear/ https://tilde.town/~jan-ipen/ https://tilde.town/~juspib https://tilde.town/~mio https://tilde.town/~tunas https://tilde.town/~vilmibm https://tilde.zone/@acdw https://tromboneboi9.neocities.org/ https://work.acdw.net https://www.insom.me.uk/ https://shens.world/ https://tilde.town/~nossidge/
https://firesphere.dev/human.json,https://firesphere.dev,0.1.1,link,44,https://sethmlarson.dev https://sightlessscribbles.com https://evanhahn.com https://pluralistic.net https://robida.net https://daniel.haxx.se https://sprocketfox.io https://roger-parkinson.com/ https://wheresyoured.at https://tante.cc https://ploum.net https://andypiper.me/ https://andypiper.org https://andypiper.omg.lol https://helvetica.systems https://petras.space https://tom.eastman.nz https://soatok.blog https://developerjack.com/ https://emmas.site/ https://www.xgranade.com/ https://aeva.online https://joelchrono.xyz https://rldane.space/ https://smallsheds.garden https://kiko.io https://sawyer.nz https://zacharykai.net/ https://andreas.scherbaum.la https://techtrenches.dev https://glasnt.com https://blog.spu.io https://stephvee.ca https://adamj.eu https://bubbles.town https://swizec.com https://kaigulliksen.com/ https://reedandpickup.com/ https://webworm.co https://akselmo.dev/ https://www.corkcorner.space/ https://ervin.ipsquad.net/ https://dustycloud.org/ https://www.acdw.net/
https://ploum.net/human.json,https://ploum.net,0.1.1,link,42,https://post-tenebras-lire.net https://unixdigest.com/ https://sive.rs https://rldane.space https://blog.ayom.media/ideiasdechirico/ https://maurycyz.com https://manuelmoreale.com https://box.matto.nl/ http://larsthebear.me https://alexschroeder.ch/ https://sava.rocks https://it-notes.dragas.net https://calnewport.com/ https://thual.eu/ https://erdorin.org/ https://tcrouzet.com/ https://loevenbruck.org/ https://ludom.cc/ https://standblog.org https://grisebouille.net https://vincent.jousse.org/ https://www.blog.tisaac.be/ https://julienhirtauteur.com/ https://davidcamus.substack.com https://blog.marcelsel.com/ https://www.antipope.org/charlie/ https://drewdevault.com/ https://changelog.complete.org/ https://ergol.org/ https://mart-e.be/ https://albdoblog.com/ https://blog.sens-public.org/ https://pierreraufast.com/ https://p4bl0.net/ https://pluralistic.net/ https://blogz.zaclys.com/un-spicilege/ https://affordance.framasoft.org/ https://maisouvaleweb.fr/ https://hubertguillaud.wordpress.com/ https://www.wheresyoured.at/ https://sebsauvage.net/ https://bajram.com/
https://hamatti.org/human.json,https://hamatti.org,0.1.1,link,39,https://anaolivia.micro.blog/ https://anhvn.com/ https://anniemueller.com https://axxuy.com/ https://benjaminhollon.com/ https://blahg.online https://brennan.day/ https://britthub.co.uk/ https://dead.garden https://enocc.com https://francescrossley.com https://gilest.org https://hidde.blog https://jamesg.blog https://joelchrono.xyz https://kayserifserif.place https://kedara.eu https://kwon.nyc https://loreleice.net/ https://marisabel.nl https://midnightpond.com https://nicks.im https://notes.binarydigit.net/ https://notes.jeddacp.com https://ohhelloana.blog/ https://www.oh-no.ooo https://olu.online https://saaste.net/ https://sorbier.neocities.org https://syls.blog https://tabitha.computer https://thamara.co.uk https://tracydurnell.com https://wavelight.ws https://writingslowly.com https://www.nicksimson.com https://www.ottorask.com/ https://zacharykai.net https://autiomaa.org/
https://starforge.co.uk/human.json,https://starforge.co.uk,0.1.1,link,38,https://git.starforge.co.uk https://shinar.starforge.co.uk https://www.amethystraccoon.co.uk https://www.sjslocombe.co.uk https://dhippo.net https://enikofox.com https://punchingrobots.com https://virtualmoose.org https://abandon.ie https://www.hempuli.com https://tobekko.fi https://shinmera.com https://shirakumo.org https://www.rainbowcemetery.com https://www.punchthemoon.com https://bumbershootsoft.wordpress.com https://www.teamonstergames.com https://www.stevestreeting.com https://grumpygamer.com https://nivrig.com https://runevision.com https://glassbottomgames.com https://www.stevehammond.org https://kenney.nl https://mw.revasser.net https://kaylousberg.com https://whatever.scalzi.com https://www.nathansavant.com https://thalass.freeshell.org https://www.qweb.co.uk https://apis.qweb.co.uk https://www.bluestarcreations.net https://blog.bluestarcreations.net https://mobile.bluestarcreations.net https://bitbra.in/ https://tangled.org/bitbra.in https://bitbrain.itch.io/ https://jdpprintmaking.com/
https://kedara.eu/human.en.json,https://kedara.eu,0.1,link,35,https://kedara.nl https://maartjevandevelden.nl https://vhbelvadi.com https://hamatti.org https://thomasrigby.com https://jamesg.blog https://bojidar-bg.dev https://gkeenan.co https://hacdias.com https://my-notes.dragas.net https://it-notes.dragas.net https://blog.ctms.me https://winnielim.org https://thetangent.space https://rknight.me https://dead.garden https://anniemueller.com https://francescrossley.com https://tracydurnell.com https://cygnoir.net https://brennan.day https://britthub.co.uk https://joelchrono.xyz https://burgeonlab.com https://benjaminhollon.com https://anaolivia.micro.blog https://enocc.com https://kwon.nyc https://thamara.co.uk https://lars-christian.com https://marisabel.nl https://ohhelloana.blog https://gilest.org https://notes.jeddacp.com https://zacharykai.net
https://kedara.nl/human.nl.json,https://kedara.nl,0.1,link,35,https://kedara.eu https://maartjevandevelden.nl https://vhbelvadi.com https://hamatti.org https://thomasrigby.com https://jamesg.blog https://bojidar-bg.dev https://gkeenan.co https://hacdias.com https://my-notes.dragas.net https://it-notes.dragas.net https://blog.ctms.me https://winnielim.org https://thetangent.space https://rknight.me https://dead.garden https://anniemueller.com https://francescrossley.com https://tracydurnell.com https://cygnoir.net https://brennan.day https://britthub.co.uk https://joelchrono.xyz https://burgeonlab.com https://benjaminhollon.com https://anaolivia.micro.blog https://enocc.com https://kwon.nyc https://thamara.co.uk https://lars-christian.com https://marisabel.nl https://ohhelloana.blog https://gilest.org https://notes.jeddacp.com https://zacharykai.net
https://coreysnipes.com/human.json,https://coreysnipes.com,0.1.1,link,35,https://robida.net/ https://smathermather.com https://neilzone.co.uk https://shkspr.mobi/blog/ https://decoded.legal https://twomile.com https://getreviewstar.com https://yakka.space/ https://phobos.io https://elephant.computer https://mollywhite.net https://sightlessscribbles.com https://ludic.mataroa.blog/ https://aneclecticmind.com/ https://mygreatloopadventure.com/ https://mljewelrydesigns.com/ https://joanwestenberg.com/ https://niklasbarning.de/ https://elenarossini.com/ https://ploum.net gemini://ploum.net https://www.garymcgraw.com/ https://apothecaryshed.com/ https://rldane.space/ https://phils-web-site.net/ https://tigerpajamas.com/ https://eightofpentacles.com/ https://ashleymcquaid.com/ https://stfn.pl/ https://tante.cc/ https://jessamyn.com/ https://www.librarian.net/ https://www.wrecka.ge https://ky.fyi https://ohheybrian.com
https://www.coryd.dev/human.json,https://www.coryd.dev,0.1.1,link,31,https://notes.neatnik.net https://popagandhi.com https://helloanselm.com https://multiline.co/mment https://billhunt.dev https://binarydigit.net https://krrd.ing https://chriscoyier.net https://gomakethings.com https://chrisglass.com https://daverupert.com https://sive.rs https://ethanmarcotte.com https://hidde.blog https://blog.jim-nielsen.com https://joe-steel.com https://hamatti.org https://gkeenan.co https://birchtree.me https://shellsharks.com https://daught.me https://blog.webb.page https://rachsmith.com https://rknight.me https://sarajoy.dev https://sia.codes https://localghost.dev https://thinkdobecreate.com https://www.zachleat.com https://flamedfury.com https://blog.lukaszwojcik.net
https://nedbatchelder.com/human.json,https://nedbatchelder.com,0.1.1,link,30,https://alexwlchan.net https://arongriffis.com https://automatetheboringstuff.com https://blog.yossarian.net https://www.crummy.com/ https://emmaponders.com https://first.ac https://foosel.net https://gvanrossum.github.io https://hannahilea.com https://harihareswara.net/ https://hugovk.dev https://hynek.me https://inventwithpython.com https://jacobian.org https://jvns.ca https://kattni.com/ https://kjaymiller.com/ https://mariatta.ca/ https://sethmlarson.dev https://shkspr.mobi https://simonwillison.net https://sirosen.net https://susansenator.com https://verselogic.net https://woodruffw.github.io https://www.b-list.org https://www.destroyallsoftware.com https://xkcd.com https://yossarian.net
https://nicolalosito.it/human.json,https://nicolalosito.it,0.1.1,link,25,https://koolinus.net https://piccioni.london https://mzll.it/ https://www.nicoladagostino.net/ https://www.dreamsworld.it/emanuele/ https://contino.com/ https://gaspartorriero.it https://gioxx.org https://xmau.com/wp/notiziole/ https://xlthlx.com/ https://decaro.la/ https://hypersubject.net/ https://www.lovergine.com/ https://cedmax.net/ https://morrick.me https://duechiacchiere.it/ https://napo.dev/ https://dottorblaster.it/ https://nicolaiarocci.com/ https://macintelligence.org/ https://vincentritter.com/ https://amerpie.lol/ https://www.melabit.com/ https://islandinthenet.com/ https://https://lazybea.rs/
https://www.trovster.com/.well-known/human.json,https://www.trovster.com,0.1.1,link,24,https://sijobling.com https://paulrobertlloyd.com https://kevquirk.com https://blog.nocturnalmonkey.com https://www.mikestreety.co.uk https://rknight.me https://rachsmith.com https://jim-nielsen.com https://daverupert.com https://chriscoyier.net https://hicks.design https://freek.dev https://zeldman.com https://adactio.com https://brucelawson.co.uk https://clagnut.com https://simplebits.com https://remysharp.com https://elliotjaystocks.com https://akrabat.com https://shawnhooper.ca https://www.raymondcamden.com https://shkspr.mobi https://danmatthews.me
https://shinmera.com/human.json,https://shinmera.com/,0.1.1,link,22,https://starforge.co.uk https://shirakumo.org https://tymoon.eu https://dhippo.net https://www.rainbowcemetery.com https://enikofox.com https://punchthemoon.com https://mw.revasser.net https://shinmera.com https://shirakumo.org https://sysl.ca https://starforge.co.uk https://xaselgio.net https://erika.omg.lol https://abandon.ie https://drewsh.com https://sugui.siesta.cat https://solhsa.com https://chronocide.neocities.org https://www.hempuli.com http://metamodular.com https://calliecameron.com
https://post-tenebras-lire.net/human.json,https://post-tenebras-lire.net,0.1.1,link,20,https://blogz.zaclys.com/un-spicilege/ https://les-lectures-du-maki.blogspot.com https://jelisjeblogue.blogspot.com/ https://erdorin.org/ https://deslivresrances.blogspot.com/ https://bibliothequefahrenheit.blogspot.com/ https://www.outrelivres.fr https://nevertwhere.blogspot.com https://livres.gloubik.info https://feygirl.home.blog/ https://aupaysdescavetroll.fr/ https://ploum.net/ https://tcrouzet.com/ https://loevenbruck.org/ https://grisebouille.net/ https://pluralistic.net/ https://affordance.framasoft.org/ https://maisouvaleweb.fr/ https://yuyine.be/ https://sebsauvage.net/
https://www.nicksimson.com/human.json,https://www.nicksimson.com,0.1.1,link,20,https://anniemueller.com https://artlung.com https://brennan.day https://www.coryd.dev https://ericwbailey.website https://gomakethings.com https://jamesg.blog https://kwon.nyc https://jan.miksovsky.com https://www.neatnik.net https://olu.online/ https://rknight.me https://tracydurnell.com https://vhbelvadi.com https://blakewatson.com https://davesmyth.com https://michellebarker.co.uk https://www.miriamsuzanne.com https://www.susanjeanrobertson.com https://vale.rocks
https://emmajuettner.com/human.json,https://emmajuettner.com/,0.1.1,link,20,https://maya.land/ https://olu.online/ https://dansinker.com/ https://robinrendle.com/ https://blog.vbuckenham.com/ https://helveticablanc.com/ https://rknight.me/ https://www.wrecka.ge/ https://muan.co/ https://everest-pipkin.com/ https://ludic.mataroa.blog/ https://pervocracy.com/ https://maia.crimew.gay/ https://blog.jim-nielsen.com/ https://jvns.ca/ https://shellsharks.com/ https://www.tbray.org/ongoing/ https://quietbonnie.substack.com/ https://quietbonnie.com/ https://sallyjuettner.github.io/
https://jneidel.com/human.json,https://jneidel.com,0.1.1,link,20,https://jneidel.de https://ricos.site https://www.marcnitzsche.de https://ulrikeneidel.de https://www.fneidel.com https://lukesmith.xyz https://kersti.de https://stevepavlina.com https://sive.rs https://www.jesseevers.com https://lucidmanager.org https://karthinks.com https://xenodium.com https://lambdaland.org https://emacsredux.com https://www.rahuljuliato.com https://batsov.com https://www.veriphor.com https://www.macchaffee.com https://nutritionfacts.org
https://jneidel.de/human.json,https://jneidel.com,0.1.1,link,20,https://jneidel.de https://ricos.site https://www.marcnitzsche.de https://ulrikeneidel.de https://www.fneidel.com https://lukesmith.xyz https://kersti.de https://stevepavlina.com https://sive.rs https://www.jesseevers.com https://lucidmanager.org https://karthinks.com https://xenodium.com https://lambdaland.org https://emacsredux.com https://www.rahuljuliato.com https://batsov.com https://www.veriphor.com https://www.macchaffee.com https://nutritionfacts.org
https://www.gaullier.org/human.json,https://www.gaullier.org,0.1.1,fallback,19,https://fediscience.org/@Guillawme https://codeberg.org/Guillawme https://en.wikipedia.org https://fr.wikipedia.org https://khinsen.net https://xkcd.com https://ploum.net https://www.peppercarrot.com https://albert.rierol.net https://www.leouieda.com https://tzovar.as https://quantixed.org https://solar.lowtechmagazine.com https://georg.avistats.de https://geobert.fr https://ratfactor.com https://blog.glyph.im https://lookingup.francois-rincon.org https://pluralistic.net
https://www.vzqk50.com/humans.json,https://vzqk50.com,0.1.1,link,19,https://shellsharks.com https://mikamarie.com https://cashmerecrypt.art https://spadetale.neocities.org https://jamesg.blog https://teachertomsblog.blogspot.com https://kernal.eu https://alexsirac.com https://akselmo.dev https://deadscorpionranch.bearblog.dev https://www.lkhrs.com https://beesbuzz.biz https://www.gordonmclean.co.uk https://www.kaerecomputer.dk https://bubbles.town https://baccyflap.com https://danq.me https://drewdevault.com https://kaigulliksen.com
https://girlonthemoon.xyz/human.json,https://girlonthemoon.xyz,0.1.1,link,19,https://joelchrono.xyz/ https://tahimik.com https://linkyblog.neocities.org/ https://birdwrongs.sh/ https://scumsuck.com/ https://aroceu.com/ https://gg8473.com/ https://miyaku.media/ https://alien.hospital/ https://scenequeen.neocities.org/ https://linkyblog.neocities.org/ https://hiratelier.haliya.net/ https://peachmoon.moe/ https://seawardbound.neocities.org/ https://the-challenge.bearblog.dev/ https://vielle.dev/ https://brennan.day/ https://www.neatnik.net https://jamesg.blog/
https://claytonerrington.com/human.json,https://claytonerrington.com,0.1.1,link,18,https://claytonerrington.com https://clayton.polymaths.page https://static.quest https://www.adamsdesk.com/ https://benmyers.dev/ https://benjaminhollon.com/ https://chriswiegman.com/ https://blog.danskingdom.com/ https://darekkay.com/ https://garrit.xyz/ https://moddedbear.com/ https://joelchrono.xyz/ https://konstantintutsch.com/ https://lazybea.rs/ https://rldane.space/ https://shellsharks.com/ https://www.zachleat.com https://chrismcleod.dev/
https://clayton.polymaths.page/human.json,https://clayton.polymaths.page,0.1.1,link,18,https://claytonerrington.com https://clayton.polymaths.page https://static.quest https://www.adamsdesk.com/ https://benmyers.dev/ https://benjaminhollon.com/ https://chriswiegman.com/ https://blog.danskingdom.com/ https://darekkay.com/ https://garrit.xyz/ https://moddedbear.com/ https://joelchrono.xyz/ https://konstantintutsch.com/ https://lazybea.rs/ https://rldane.space/ https://shellsharks.com/ https://www.zachleat.com https://chrismcleod.dev/
https://anthonypena.fr/human.json,https://anthonypena.fr,0.1.1,link,18,https://codeka.io/ https://framablog.org https://frenchspin.fr https://genma.fr https://blog.genma.fr https://k33g.org https://korben.info https://lehollandaisvolant.net https://lescastcodeurs.com https://ploum.net https://press.k49.fr.nf https://robida.net https://blog.seboss666.info https://sebsauvage.net https://sieg.fr https://stephaniewalter.design https://warriordudimanche.net https://www.pofilo.fr
https://marcgoertz.de/wp-json/humans.json/0.1.1/vouch,https://marcgoertz.de,0.1.1,link,18,https://mastodon.social/@mrcgrtz https://lostfocus.de/ https://dominikschwind.com/ https://www.dertagundich.de/ https://martinschneider.me/ https://fab1An.me/ https://kniebes.com/ https://www.ruby-heretic.com/ https://www.alexandergraefe.de/ https://teymthebeast.com/ https://blog.johl.io/ https://olbertz.de/ https://tonick.net/ https://notiz.blog/ https://schepp.dev/ https://www.peterkroener.de/ https://paulirish.com/ https://csswizardry.com/
https://robin.phillipsuk.org/human/human.json,https://robin.phillipsuk.org/,0.1.1,link,17,https://neilzone.co.uk https://russellphillips.uk/ https://rpg.phillipsuk.org/ https://authorhelp.uk/ https://vkc.sh https://veronicaexplains.net https://www.youtube.com/@VeronicaExplains https://www.youtube.com/@imautisticnowwhat https://andrewknighton.com https://www.totallytanked.net https://rolltop-indigo.blogspot.com https://www.theredhairedstokie.co.uk https://jen.phillipsuk.org https://tinkerbetter.tube/ https://castleseftonpress.co.uk https://www.susanearlam.com https://blog.elenarossini.com/
https://authorhelp.uk/nonwp/human.json,https://authorhelp.uk,0.1.1,link,17,https://neilzone.co.uk https://russellphillips.uk/ https://rpg.phillipsuk.org/ https://andrewknighton.com/ https://jocelynrobson.com/ https://johnsunderland.co.uk/ https://kassandralamb.com/ https://laurettelong.com/ https://murderinparadise.com/ https://sparnam-harris.com/ https://sharondobbs-richards.com/ https://sophiewoolfe.com/ https://wordsforhire.co.uk/ https://jen.phillipsuk.org https://castleseftonpress.co.uk https://susanearlam.com https://robin.phillipsuk.org/
https://shkspr.mobi/blog/json/human.json,https://shkspr.mobi/blog,0.1.1,link,16,https://floppy.org.uk/ https://gaelan.me/ https://gizmonaut.net/ https://neilzone.co.uk/ https://not-a-number.io/ https://ohhelloana.blog/ https://owen.blacker.me.uk/ https://parsecsreach.org/ https://qubyte.codes https://sam.pikesley.org/ https://sarajoy.dev/ https://skye.fyi/ https://timotijhof.net/ https://tommorris.org/ https://webshed.org/ https://www.onepict.com/
https://skye.fyi/human.json,https://skye.fyi,0.1.1,link,16,https://andypiper.me https://andypiper.omg.lol https://andypiper.org https://erinkissane.com/ https://jennschiffer.com https://liedra.net https://livelaugh.blog https://lyonhe.art/ https://noantlers.net https://olu.online https://oluoluoxenfree.github.io https://owen.blacker.me.uk https://sam.pikesley.org https://shkspr.mobi/blog/ https://tech.skylar.tel https://www.mollymcleod.com
https://benmyers.dev/human.json,https://benmyers.dev,0.1.1,link,16,https://adrianroselli.com https://www.aleksandrhovhannisyan.com https://annaecook.com https://ericwbailey.design https://ericwbailey.website https://darthmall.net https://florianbeijers.xyz https://heather-buchel.com https://ky.fyi https://mayank.co https://blog.mayank.co https://www.nicchan.me https://www.sarasoueidan.com https://www.scottohara.me https://shkspr.mobi https://whitep4nth3r.com
https://lostfocus.de/wp-json/humans.json/0.1.1/vouch,https://lostfocus.de,0.1.1,link,15,https://nona.social/@dominik https://crysiecornie.blogspot.com https://marcgoertz.de https://teymthebeast.com https://blog.johl.io https://www.dertagundich.de https://dominikschwind.com https://martinschneider.me https://olbertz.de https://notiz.blog https://www.ruby-heretic.com https://www.alexandergraefe.de https://mastodo.neoliber.al/@Legit_Spaghetti https://hackr.de https://www.rubenerd.au
https://spod.cx/human.json,https://spod.cx,0.1.1,link,14,https://photos.spod.cx https://www.mythic-beasts.com/blog/ http://carina.org.uk/ https://offog.org https://mafoo.org.uk https://shkspr.mobi https://neilzone.co.uk https://webshed.org https://gaelan.me/ https://andypiper.co.uk/ https://pete.ex-parrot.com https://m0yng.uk https://dotat.at https://nedbatchelder.com
https://axxuy.com/.well-known/human.json,https://axxuy.com/,0.1.1,link,14,https://shellsharks.com https://hamatti.org https://joelchrono.xyz https://rldane.space https://benjaminhollon.com https://sethmlarson.dev https://rknight.md https://lyra.horse https://crystalwobsite.gay https://jeddacp.com https://blog.avas.space www.qwantz.com https://www.giantitp.com/ https://shkspr.mobi/
https://lamonaca.dev/human.json,https://lamonaca.dev,0.1.1,link,13,https://akselmo.dev/ https://volpeon.ink/ https://arch.dog/ https://daniel.haxx.se/ https://soatok.blog/ https://jvns.ca/ https://benjaminhollon.com/ https://xkcd.com/ https://blog.m-ou.se/ https://poor.dev/ https://blog.yoshuawuyts.com/ https://blog.ihatereality.space/ https://noratrieb.dev/
https://possiblyaxolotl.com/human.json,https://possiblyaxolotl.com,0.1.1,link,13,https://rejectconvenience.com https://melonking.net https://fireye.coffee https://crazyroostereye.de https://diffydude.neocities.org https://diggon.lol https://rae.wtf https://avq.neocities.org https://xan.lol https://jased.xyz https://toadley.space https://zacharys.dev https://sergioedup.com
https://sam.pikesley.org/human.json,https://sam.pikesley.org,0.1.1,link,12,https://www.ashbysoft.com/ https://floppy.org.uk https://gilesdring.com/ https://ianrenton.com https://www.jezuk.co.uk https://neilzone.co.uk https://www.onepict.com/ https://parsecsreach.org https://s-n.me/ https://strudel.org.uk/ https://shkspr.mobi/blog https://tante.cc/
https://tzovar.as/human.json,https://tzovar.as/,0.1.1,link,12,https://a-ch.in/ty-a/ https://khinsen.net/ https://blog.khinsen.net/ https://www.leouieda.com/ https://www.gaullier.org https://ploum.net/ https://tante.cc/ https://ageofdatini.info/ https://handcraftedcode.org/ https://gracefulliberty.com https://chronicles.mad-scientist.club https://zadzmo.org
https://stfn.pl/assets/human.json,https://stfn.pl,0.1.1,link,12,https://michal.sapka.pl/ https://82mhz.net/ https://rubenerd.com https://joelchrono.xyz https://fuse.pl/beton/ https://zakr.es/ https://horodecki.net/ https://kevingimbel.de/ https://shkspr.mobi/ https://neilzone.co.uk/ https://coreysnipes.com/ https://baillehachepascal.dev/
https://foosel.net/human.json,https://foosel.net/,0.1.1,link,12,https://food.foosel.net https://chaos.social/@foosel https://octoprint.org https://sethmlarson.dev https://hynek.me https://jugmac00.github.io https://www.judy.co.uk https://www.paulox.net https://leah.is https://github.com/foosel https://foosel.github.io https://codeberg.org/foosel
https://hynek.me/human.json,https://hynek.me,0.1.1,link,12,https://mastodon.social/@hynek https://ox.cx http://nohttps.lol https://roguelynn.com https://foosel.net https://sethmlarson.dev https://jugmac00.github.io https://www.judy.co.uk https://blog.glyph.im https://nedbatchelder.com https://justinmayer.com https://pythonspeed.com
https://brunobernardino.com/human.json,https://brunobernardino.com,0.1.1,link,12,https://news.onbrn.com https://snozmusic.com https://ministories.net https://bewcloud.com https://uruky.com https://site-search.uruky.com https://github.com/BrunoBernardino https://codeberg.org/BrunoBernardino https://github.com/bewcloud https://codeberg.org/bewcloud https://theprivacydad.com https://blog.sulimans.space
https://opus.ing/human.json,https://opus.ing/,0.1.1,link,12,https://mrsopus.com/ https://www.canneddragons.net/ https://bethanyh.net/ https://christandpopculture.com/ https://dearstrangethings.substack.com/ https://pxlnv.com/ https://www.jeffreyoverstreet.com/ https://newsletter.oalannoble.com/ https://decentfilms.com/ https://www.manton.org/ https://robida.net/ https://aftermath.site/
https://www.kytta.dev/human.json,https://www.kytta.dev,0.1.1,link,11,https://kytta.dev https://kara.mov https://hynek.me https://ox.cx https://foosel.net https://daniel.haxx.se https://hugovk.dev https://lukasz.langa.pl https://snarky.ca https://savannah.dev https://tonsky.me
https://crystalwobsite.gay/etc/human.json,https://crystalwobsite.gay,0.1.1,link,11,https://axxuy.com https://lyra.horse https://horseonvhs.com https://izzys.casa https://nickyflowers.com https://karasuclumsy.com https://strflr.neocities.org https://draoicat.com https://ootachi.neocities.org https://mellodillo.neocities.org https://balileart.neocities.org
https://saaste.net/human.json,https://saaste.net/,0.1.1,link,11,https://hamatti.org https://samimaatta.fi/ https://nikopoikulainen.fi https://markokaartinen.net/ https://oranki.net/ https://www.ottorask.com/ https://feuerx.net/ https://ghostcatchapter.com/ https://ghostcatchapter.com/ https://magdalenahai.com/ https://autiomaa.org/
https://justinmayer.com/human.json,https://justinmayer.com,0.1.1,link,11,https://ramble.space/@justin https://github.com/justinmayer https://shows.arrowloop.com/@abstractions https://hackercodex.com https://danj.ca https://hynek.me https://www.paulox.net https://sethmlarson.dev https://foosel.net https://blog.glyph.im https://www.judy.co.uk
https://markuseliasson.se/static/human.json,https://markuseliasson.se,0.1.1,link,11,https://factor10.com https://katharina.damschen.net/ https://markuseliasson.se/ http://recurse.se/ https://jimmynilsson.com/ https://dino.opij.ac/ https://programmaticallyspeaking.com/ https://nizar.se/ https://friktion.se https://raniz.blog https://jorgennilsson.com
https://floppy.org.uk/.well-known/human.json,https://floppy.org.uk,0.1.1,link,10,https://sam.pikesley.org https://gilesdring.com/ https://www.jezuk.co.uk https://shkspr.mobi/blog https://liedra.net https://digitalflapjack.com https://www.lbj.org.uk https://wamonite.com https://andypiper.org https://chrisadams.me.uk
https://shellsharks.com/.well-known/human.json,https://shellsharks.com,0.1.4,fallback,10,https://www.neatnik.net https://taggart-tech.com https://evanhahn.com/ https://fyr.io https://hamatti.org https://flamedfury.com https://manuelmoreale.com https://mkultra.monster https://www.vzqk50.com https://chronosaur.us
https://www.leouieda.com/human.json,https://www.leouieda.com,0.1.1,link,10,https://foosel.net https://hynek.me https://evanhahn.com https://sethmlarson.dev https://pythonbynight.com https://khinsen.net https://tzovar.as https://www.gaullier.org https://www.ime.unicamp.br/~biloti https://www.santisoler.com
https://andypiper.me/human.json,https://andypiper.me,0.1.1,link,10,https://tommi.space https://floppy.org.uk https://andypiper.omg.lol https://neilzone.co.uk https://andypiper.org/ https://forgeandcraft.co.uk https://fediverseforfreedom.org https://hackwimbledon.org https://elenarossini.com/ https://shkspr.mobi/blog
https://www.schafe-sind-bessere-rasenmaeher.de/human.json,https://schafe-sind-bessere-rasenmaeher.de/,0.1.1,link,10,https://82mhz.net/ https://benjaminhollon.com/ https://blog.ctms.me/ https://hundstrasse.com/ https://joelchrono.xyz/ https://thealmightybacklog.wordpress.com/ https://tty1.blog/ https://ukfilmnerd.wordpress.com/ https://jefklakscodex.com/ https://brainbaking.com/
https://hisvirusness.com/assets/human.json,https://hisvirusness.com/,0.1.1,link,10,https://backyardtinker.bearblog.dev https://shellsharks.com https://brennan.day https://laozhainan.de https://4cm3.dev https://zacharykai.net https://lynx.luxferre.top https://danq.me https://smallcypress.neocities.org https://ritual.sh
https://www.eamoncaddigan.net/human.json,https://www.eamoncaddigan.net/,0.1.1,link,10,https://tzovar.as/ https://magsol.github.io/ https://www.ragman.net/ https://readsteven.com/ https://grathio.com/ https://isaaclyman.com/ https://rldane.space/ https://benjaminhollon.com/ https://ww0cj.radio/ https://joelchrono12.xyz/
https://xlthlx.com/human.json,https://xlthlx.com,1.0.0,link,10,https://piccioni.london https://albertopiccioni.org https://www.lorenzogerli.net https://controkarma.blogspot.com https://www.diecisei.com https://www.stefanocaffarri.it https://gaspartorriero.it https://gioxx.org https://koolinus.net/blog/ https://xmau.com/wp/notiziole/
https://robida.net/human.json,https://robida.net,0.1.1,link,9,https://baillehachepascal.dev/ https://evilgeniuschronicles.org/ https://pluralistic.net/ https://addisoncrump.info https://rauh.net/ https://www.damolamorenikeji.com/ https://robida.neocities.org/ https://robida.micro.blog/ https://beesbuzz.biz/
https://baillehachepascal.dev/human.json,https://baillehachepascal.dev,0.1.1,link,9,https://robida.net https://stfn.pl https://blog.avas.space/ https://www.axxuy.com/ https://brennan.day/ https://neilzone.co.uk/ https://ploum.net/ https://davidpeach.me/ https://www.neatnik.net/
https://www.onepict.com/human.json,https://www.onepict.com/,0.1.1,link,9,https://brettsheffield.com/ https://sam.pikesley.org/ https://librecast.net/ https://shkspr.mobi/blog/ https://khrys.eu.org/ https://tante.cc/ https://dotart.blog/cobbles/ https://neilzone.co.uk/ https://jaenis.ch/
https://catileptic.tech/human.json,https://catileptic.tech/,0.1.1,link,9,https://yawnbox.eu https://hexmhell.writeas.com/ https://helpful.knobs-dials.com/ https://lyz-code.github.io/blue-book/ https://teunvanson.eu/ https://clockwooork.github.io/index.html https://maynier.eu/ https://maynier.eu/ https://neilzone.co.uk/
https://brassnet.biz/human.json,https://brassnet.biz,0.1.1,link,9,https://sethmlarson.dev https://wilwheaton.net/ https://ohhelloana.blog/ https://www.snacktraces.com/ https://stealthiswebsite.art https://hynek.me https://nedbatchelder.com https://twit.social/@brass75 https://snarky.ca
https://davesmyth.com/human.json,https://davesmyth.com,0.1.0,link,9,https://www.nicksimson.com https://daverupert.com https://marcjenkins.co.uk https://1902.studio https://manuelmoreale.com https://matthiasott.com https://nicchan.me https://stephaniewalter.design https://interroban.gg
https://codeyarns.com/human.json,https://codeyarns.com,0.1.1,link,9,https://nedbatchelder.com https://daringfireball.net https://shkspr.mobi https://magazine.sebastianraschka.com https://herbsutter.com https://stratechery.com https://nullprogram.com/ https://eli.thegreenplace.net/ https://lemire.me/
https://khinsen.net/human.json,https://khinsen.net/,0.1.1,link,8,https://blog.khinsen.net/ https://leibniz.khinsen.net/ https://science-in-the-digital-era.khinsen.net/ https://tzovar.as/ https://aartaka.me/ https://www.gaullier.org/ https://ploum.net/ https://www.leouieda.com/
https://www.ashbysoft.com/human.json,https://www.ashbysoft.com,0.1.1,link,8,https://sam.pikesley.org https://parsecsreach.org https://floppy.org.uk https://gilesdring.com/ https://www.jezuk.co.uk https://neilzone.co.uk https://strudel.org.uk/ https://shkspr.mobi/blog
https://brunty.me/human.json,https://brunty.me,0.1.6,link,8,https://realmenweardress.es/ https://neilzone.co.uk https://ocramius.github.io/ https://jamestitcumb.com/ https://www.dantleech.com https://grumpy-learning.com https://afilina.com https://www.kassner.com.br
https://www.kassner.com.br/human.json,https://www.kassner.com.br,0.1.2,fallback,8,https://brunty.me https://grumpy-learning.com https://jamestitcumb.com https://ocramius.github.io https://www.dantleech.com https://afilina.com https://drewdevault.com https://tzovar.as
https://cobb.land/data/human.json,https://cobb.land,0.1.1,link,8,https://densford.net https://jacob.densford.net https://julia.densford.net https://sai.densford.net https://jacobdensford.com https://saisarida.com https://blog.saisarida.com https://mothposs.com
https://www.jasonscheirer.com/human.json,https://www.jasonscheirer.com/,0.1.1,link,8,https://eash.dev/ https://akselmo.dev https://nedbatchelder.com https://hynek.me https://aartaka.me https://evanhahn.com/ https://joelchrono.xyz https://neilzone.co.uk
https://dazfuller.uk/human.json,https://www.dazfuller.uk/,0.1.1,link,8,https://foosel.net https://mstdn.social/@dazfuller https://codeberg.org/dazfuller https://hynek.me/ https://jamescooke.info https://neilzone.co.uk https://sethmlarson.dev https://robida.net
https://readsteven.com/human.json,https://readsteven.com,0.1.1,fallback,8,https://www.eamoncaddigan.net https://minutestomidnight.co.uk https://shellsharks.com https://sturm.to https://grathio.com https://solar.lowtechmagazine.com https://ludic.mataroa.blog https://www.futilitycloset.com
https://grathio.com/human.json,https://grathio.com,0.1.1,link,8,https://www.eamoncaddigan.net https://minutestomidnight.co.uk https://shellsharks.com https://sturm.to https://readsteven.com https://solar.lowtechmagazine.com https://ludic.mataroa.blog https://www.futilitycloset.com
https://michal.sapka.pl/human.json,https://michal.sapka.pl,0.1.1,link,7,https://rubenerd.com https://joelchrono.xyz/ https://neilzone.co.uk/ https://82mhz.net/ https://stfn.pl/ https://cedon.dev https://ttntm.me/
https://lyonhe.art/human.json,https://lyonhe.art,0.1.1,link,7,https://technomancy.us https://tetronimedia.net https://skye.fyi https://piper.thunstrom.dev https://jenniferplusplus.com https://nas.sr https://writing.jan.io
https://www.dantleech.com/human.json,https://www.dantleech.com,0.1.2,link,7,https://brunty.me https://ocramius.github.io/ https://jamestitcumb.com/ https://ocramius.github.io/ https://blog.wyrihaximus.net/ https://derickrethans.nl/ https://gpb.moe/
https://a-ch.in/ty-a/human.json,https://a-ch.in/ty-a/,0.1.1,link,7,https://tzovar.as/ https://achintyarao.in/ https://now.achintyarao.in/ https://cv.achintyarao.in/ https://blog.achintyarao.in/ https://wiki.achintyarao.in/ https://tilde.town/~basslass/
https://lxak.net/view/human.json,https://lxak.net/,0.1.1,link,7,https://alexschroeder.ch/ https://triapul.cz/ https://www.rubenerd.au/ https://rldane.space/ https://veronicaexplains.net/ https://write.as/radiantdoubts/ https://donaberger.xyz/
https://denisdefreyne.com/.well-known/human.json,https://denisdefreyne.com,0.1.1,link,7,https://www.neatnik.net/ https://robida.net/ https://www.wheresyoured.at/ https://craphound.com/ https://pluralistic.net/ https://jaredwhite.com https://janogonzalez.com
https://fireye.coffee/human.json,https://fireye.coffee,0.1.1,link,7,https://theblipbloop.github.io https://ramielali.com https://www.hwstn.com https://rejectconvenience.com https://crazyroostereye.de https://possiblyaxolotl.com https://www.cptkrb.net/
https://marcosh.github.io/docs/human.json,https://marcosh.github.io/,0.1.1,link,7,https://www.sanityinc.com https://eevie.ro https://midirus.com/ https://codingstruggles.com/ https://arialdomartini.github.io/ https://fpringle.com/ https://not-a-number.io/
https://stritzke.me/human.json,https://stritzke.me,0.1.1,link,7,https://d12s.ventures https://kition.dev https://noumenal.es https://world.hey.com/dhh https://theorangeone.net https://www.screamingatmyscreen.com https://marijkeluttekes.dev
https://txmn.tk/human.json,https://txmn.tk,0.1.1,link,7,https://scuti.neocities.org https://cobc.me https://grisebouille.net https://www.davidrevoy.com https://www.peppercarrot.com https://denissalem.ovh https://verdantspectre.dev
https://crazyroostereye.de/.well-known/human.json,https://crazyroostereye.de,0.1.1,link,7,https://sergioedup.com/ https://rejectconvenience.com/ https://fireye.coffee/ https://www.noiseprism.de/ https://possiblyaxolotl.com/ https://i-eat.rocks/ https://frutigeraeroarchive.org/
https://rossabaker.com/human.json,https://rossabaker.com/,0.1.1,link,6,https://artlung.com/ https://burgeonlab.com/ https://www.ciccarello.me/ https://enocc.com/ https://vanderwal.net/ https://ragt.ag/
https://justdaj.com/56ghd2/human.json?v1,https://forkingmad.blog,0.1.1,link,6,https://kevquirk.com https://nedbatchelder.com https://kedara.eu https://wrywriter.ca https://fictionalwolfe.ca https://joelchrono.xyz
https://s-n.me/human.json,https://s-n.me,0.1.1,link,6,https://neilzone.co.uk https://shkspr.mobi/blog https://sam.pikesley.org https://michal.sapka.pl https://82mhz.net https://rubenerd.com
https://tante.cc/human.json,https://tante.cc,0.1.1,link,6,https://michael-simons.eu https://tzovar.as/ https://tldr.nettime.org/@tante https://sam.pikesley.org https://www.onepict.com/ https://www.schlosser.info
https://georg.avistats.de/human.json,https://georg.avistats.de,0.1.1,link,6,https://tzovar.as https://elevanth.org https://sumsar.net https://solomonkurz.netlify.app https://statmodeling.stat.columbia.edu https://sjwild.github.io
https://ohheybrian.com/human.json,https://ohheybrian.com,0.1.1,link,6,https://cogdogblog.com https://stfn.pl https://werd.io https://odonnellweb.com https://www.kjz.im https://lazybea.rs
https://www.adamdjbrett.com/humans.json,https://adamdjbrett.com,0.1.1,link,6,https://kfitz.info https://ernestopriego.com https://gbilder.com https://monotasking.hcommons.org https://brennan.day https://eve.gd
https://autiomaa.org/human.json,https://autiomaa.org,0.1.1,link,6,https://cv.autiomaa.org https://autiomaa.galleria.fi https://saaste.net https://magdalenahai.com https://hamatti.org https://hidde.blog
https://eve.gd/human.json,https://eve.gd,0.1.1,link,6,https://kfitz.info https://ernestopriego.com https://gbilder.com https://monotasking.hcommons.org https://brennan.day https://adamdjbrett.com
https://markokaartinen.net/human.json,https://markokaartinen.net,0.1.1,link,6,https://saaste.net https://markok.dev https://feuerx.net https://oranki.net https://nikopoikulainen.fi https://samimaatta.fi/
https://claudebusters.com/human.json,https://claudebusters.com,0.1.1,link,6,https://tante.cc https://simons.ac https://michael-simons.eu https://www.greg-woods.tech https://meistermeier.com https://tonick.net
https://darthmall.net/human.json,https://darthmall.net,0.1.1,link,6,https://benmyers.dev https://hollie.eilloh.net https://nothe.purplellamas.net https://blog.edwardloveall.com https://cassey.dev https://www.aubreysambor.com
https://markok.dev/human.json,https://markok.dev,0.1.1,link,6,https://markokaartinen.net https://saaste.net https://feuerx.net https://oranki.net https://nikopoikulainen.fi https://samimaatta.fi/
https://claudebusters.de/human.json,https://claudebusters.com,0.1.1,link,6,https://tante.cc https://simons.ac https://michael-simons.eu https://www.greg-woods.tech https://meistermeier.com https://tonick.net
https://john.colagioia.net/human.json,https://john.colagioia.net,0.1.1,link,6,https://john.colagioia.com https://jectoons.net/ https://fodongo.ca/ https://www.peppercarrot.com/ https://www.davidrevoy.com/ https://crowdagger.fr/
https://kvibber.com/human.json,https://kvibber.com,0.1.1,link,6,https://notes.kvibber.com https://journal.kvibber.com https://hyperborea.org https://www.flickr.com/photos/kelsonv/ https://feraltomatoes.com https://brooke.vibber.net/
https://www.claudinec.net/human.json,https://www.claudinec.net,0.1.1,link,6,https://hamatti.org https://neilzone.co.uk https://shkspr.mobi https://robida.net https://tante.cc https://www.sudo.is/
https://john.colagioia.com/human.json,https://john.colagioia.net,0.1.1,link,6,https://john.colagioia.com https://jectoons.net/ https://fodongo.ca/ https://www.peppercarrot.com/ https://www.davidrevoy.com/ https://crowdagger.fr/
https://jdpprintmaking.com/human.json,https://jdpprintmaking.com,0.1.1,link,6,https://starforge.co.uk https://shinmera.com https://shirakumo.org https://www.rainbowcemetery.com https://glassbottomgames.com https://www.nathansavant.com
https://www.bentasker.co.uk/misc/human.json,https://www.bentasker.co.uk,0.1.1,link,5,https://snippets.bentasker.co.uk https://recipebook.bentasker.co.uk https://neilzone.co.uk https://shkspr.mobi https://tonsnoei.nl/
https://cogdogblog.com/human.json,https://cogdogblog.com,0.1.1,link,5,https://darcynorman.net/ https://dougbelshaw.com/ https://dougiamas.com/ https://bionicteaching.com/ https://downes.ca/
https://addisoncrump.info/human.json,https://addisoncrump.info,0.1.1,link,5,https://v4.jasik.xyz https://blog.zolutal.io https://www.keno-hassler.de/ https://valentinhuber.me/ https://heinen.dev
https://rpg.phillipsuk.org/non-wiki/human.json,https://rpg.phillipsuk.org/,0.1.1,link,5,https://neilzone.co.uk https://authorhelp.uk/ https://russellphillips.uk/ https://phillipsuk.org/ https://robin.phillipsuk.org/
https://evanhahn.com/human.json,https://evanhahn.com/,0.1.1,link,5,https://robida.net https://sethmlarson.dev https://tommi.space https://andypiper.me https://mattwidmann.net
https://jamestitcumb.com/.well-known/human.json,https://www.jamestitcumb.com/,0.1.1,link,5,https://ocramius.github.io/ https://www.dantleech.com https://grumpy-learning.com https://afilina.com https://www.kassner.com.br
https://michael-simons.eu/human.json,https://michael-simons.eu,0.1.1,link,5,https://tante.cc https://simons.ac https://www.greg-woods.tech https://meistermeier.com https://claudebusters.com
https://tommi.space/human.json,https://tommi.space,0.1.1,link,5,https://evanhahn.com https://andypiper.me https://andypiper.org https://elenarossini.com https://erinkissane.com
https://gbilder.com/human.json,https://gbilder.com,0.1.1,link,5,https://eve.gd https://cameronneylon.net https://blog.front-matter.de https://www.anildash.com https://blog.afandian.com
https://meistermeier.com/human.json,https://meistermeier.com,0.1.1,fallback,5,https://michael-simons.eu https://claudebusters.com https://simons.ac https://www.greg-woods.tech https://claudebusters.de
https://blog.edwardloveall.com/human.json,https://blog.edwardloveall.com/,0.1.1,link,5,https://blog.edwardloveall.com https://darthmall.net https://gabebw.com https://gordonfontenot.com https://mike-burns.com
https://edwardloveall.com/human.json,https://edwardloveall.com/,0.1.1,link,5,https://blog.edwardloveall.com https://darthmall.net https://gabebw.com https://gordonfontenot.com https://mike-burns.com
https://jsta.neocities.org/human.json,https://jsta.neocities.org/,0.1.1,link,5,https://khinsen.net/ https://blog.khinsen.net/ https://tzovar.as/ https://handcraftedcode.org/ https://gracefulliberty.com
https://taffer.ca/humans.json,https://taffer.ca,0.1.1,link,5,https://areweaiyet.taffer.ca https://arewequantumyet.taffer.ca https://skelly.taffer.ca https://worktree.ca/taffer https://codeberg.org/taffer
https://undef.me/human.json,https://undef.me,0.1.1,link,5,https://enough.computer https://виж.camera https://look-a.camera https://analognowhere.com/ https://triapul.cz/
https://eevie.ro/human.json,https://eevie.ro,0.1.1,link,5,https://functional.computer https://ploum.net https://www.sanityinc.com https://imrannazar.com https://midirus.com
https://arewequantumyet.taffer.ca/humans.json,https://arewequantumyet.taffer.ca,0.1.1,link,5,https://taffer.ca https://areweaiyet.taffer.ca https://skelly.taffer.ca https://worktree.ca/taffer https://codeberg.org/taffer
https://skelly.taffer.ca/humans.json,https://skelly.taffer.ca,0.1.1,link,5,https://taffer.ca https://areweaiyet.taffer.ca https://arewequantumyet.taffer.ca https://worktree.ca/taffer https://codeberg.org/taffer
https://www.bluestarcreations.net/human-www.json,https://www.bluestarcreations.net/,0.1.1,link,5,https://bluestarcreations.net/ https://mobile.bluestarcreations.net/ https://blog.bluestarcreations.net/ https://www.improbableisland.com/ https://starforge.co.uk/
https://blog.bluestarcreations.net/human.json,https://blog.bluestarcreations.net/,0.1.1,link,5,https://bluestarcreations.net/ https://www.bluestarcreations.net/ https://mobile.bluestarcreations.net/ https://www.improbableisland.com/ https://starforge.co.uk/
https://mobile.bluestarcreations.net/human.json,https://mobile.bluestarcreations.net/,0.1.1,link,5,https://bluestarcreations.net/ https://www.bluestarcreations.net/ https://blog.bluestarcreations.net/ https://www.improbableisland.com/ https://starforge.co.uk/
https://magsol.github.io/human.json,https://magsol.github.io,0.1.1,link,5,https://write2run.com https://henryleach.com https://brandonrohrer.com https://www.eamoncaddigan.net https://nedbatchelder.com
https://bluestarcreations.net/human-www.json,https://www.bluestarcreations.net/,0.1.1,link,5,https://bluestarcreations.net/ https://mobile.bluestarcreations.net/ https://blog.bluestarcreations.net/ https://www.improbableisland.com/ https://starforge.co.uk/
https://evilgeniuschronicles.org/human.json,https://evilgeniuschronicles.org,0.1.1,link,4,https://rasterweb.net/ https://www.scottedelman.com https://jpreardon.com/ https://robida.net
https://rasterweb.net/raster/human.json,https://rasterweb.net/,0.1.1,link,4,https://evilgeniuschronicles.org/ https://jasongullickson.com/ https://blog.mattgauger.com/ https://robida.net/
https://gilesdring.com/human.json,https://gilesdring.com,0.1.1,link,4,https://sam.pikesley.org https://floppy.org.uk https://shkspr.mobi/blog https://strudel.org.uk/
https://pythonbynight.com/human.json,https://pythonbynight.com/,0.1.1,link,4,https://sethmlarson.dev https://hynek.me https://nedbatchelder.com https://brassnet.biz
https://www.schlosser.info/wp-content/uploads/2026/03/human.json,https://www.schlosser.info,0.1.1,link,4,https://www.diefrauschauthin.de https://www.joachimschlosser.de https://www.latexbuch.de https://tante.cc
https://leah.is/human.json,https://leah.is,0.1.1,link,4,https://leahoswald.art https://chaos.social/@leah https://www.flickr.com/photos/leahoswald/ https://foosel.net
https://yakka.space/human.json,https://yakka.space,0.0.1,link,4,https://twomile.com https://getreviewstar.com https://phobos.io https://coreysnipes.com
https://leahoswald.art/human.json,https://leahoswald.art,0.1.1,fallback,4,https://leah.is https://chaos.social/@leah https://www.flickr.com/photos/leahoswald/ https://foosel.net
https://blainsmith.com/.well-known/human.json,https://blainsmith.com,0.1.1,link,4,https://limeleaf.coop https://mubs.me https://jluther.net https://erikstraub.com
https://fodongo.ca/human.json,https://fodongo.ca,0.1.1,fallback,4,https://john.colagioia.net https://jectoons.net/ https://www.peppercarrot.com/ https://www.davidrevoy.com/
https://www.sanityinc.com/human.json,https://sanityinc.com/,0.1.1,link,4,https://www.purcellimages.com/ https://looktothestars.org/ https://eevie.ro/ https://midirus.com/
https://yawnbox.eu/human.json,https://yawnbox.eu,0.1.1,link,3,https://catileptic.tech https://blog.infected.systems https://neilzone.co.uk
https://aartaka.me/human.json,https://aartaka.me,0.1.1,link,3,https://lyra.horse https://ohhelloana.blog https://dbushell.com/
https://quantixed.org/human.json,https://quantixed.org,0.1.1,link,3,https://biologists.social/@steveroyle https://www.gaullier.org/ https://albert.rierol.net
https://rknight.me/.well-known/human.json,https://rknight.me,0.1.1,link,3,https://neatnik.net https://gkeenan.co https://nicksimson.com
https://akselmo.dev/human.json,https://akselmo.dev,0.1.1,link,3,https://redstrate.com/ https://firesphere.dev/ https://www.corkcorner.space/
https://www.bookandsword.com/human.json,https://bookandsword.com/,0.1.1,fallback,3,https://ageofdatini.info/ https://www.livius.org/ https://tzovar.as/
http://nohttps.lol/human.json,http://nohttps.lol,0.1.1,link,3,https://mastodon.social/@hynek https://ox.cx https://hynek.me
https://ghostcatchapter.com/human.json,https://ghostcatchapter.com/,0.1.1,link,3,https://jarizleifr.xyz/ https://saaste.net/ https://samimaatta.fi/
https://niklasbarning.de/json/human.json,https://niklasbarning.de/,0.1.1,link,3,https://cliophate.wtf/ https://marcel.io/ https://shkspr.mobi/
https://emmas.site/human.json,https://emmas.site/,0.1.1,link,3,https://exple.tive.org/ https://sprocketfox.io https://www.xgranade.com/
https://blakerain.com/human.json,https://blakerain.com,0.1.1,link,3,https://robida.net https://joelchrono.xyz https://www.coryd.dev
https://blog.jsbarretto.com/human.json,https://blog.jsbarretto.com,0.1.1,link,3,https://benhoyt.com https://neilzone.co.uk/ https://wapl.es/
https://gtsintzas.github.io/human.json,https://gtsintzas.github.io/,0.1.1,link,3,https://tzovar.as/ https://brettcodes.com/ https://lyra.horse/
https://paddyroddy.github.io/human.json,https://paddyroddy.github.io,0.1.1,link,3,https://paddyroddy.github.io/blog https://paddyroddy.github.io/posters https://paddyroddy.github.io/talks
https://hyperborea.org/human.json,https://hyperborea.org,0.1.1,link,3,https://kvibber.com https://journal.kvibber.com https://feraltomatoes.com
https://frutigeraeroarchive.org/data/human.json,https://frutigeraeroarchive.org,0.1.1,link,3,https://daniele63.com https://crazyroostereye.de https://fireye.coffee
https://rauh.net/human.json,https://rauh.net,0.1.1,link,2,https://shakuhachi.ro https://robida.net/
https://gizmonaut.net/human.json,https://gizmonaut.net,0.1.1,link,2,https://shkspr.mobi/blog/ https://forestlim.com
https://parsecsreach.org/human.json,https://parsecsreach.org/,0.1.1,link,2,https://sam.pikesley.org https://shkspr.mobi/blog/
https://m0yng.uk/human.json,https://m0yng.uk,0.1.1,link,2,https://ianrenton.com https://neilzone.co.uk
https://jaenis.ch/human.json,https://jaenis.ch,0.1.1,link,2,https://neilzone.co.uk/ https://www.onepict.com/
https://www.downes.ca/human.json,https://www.downes.ca,0.1.1,link,2,https://cogdogblog.com/ https://www.paulwalk.net/
https://jpreardon.com/human.json,https://jpreardon.com,0.1.1,link,2,https://evilgeniuschronicles.org/ https://denisdefreyne.com/
https://ianrenton.com/human.json,https://ianrenton.com,0.1.1,link,2,https://sam.pikesley.org/ https://m0yng.uk/
https://fyr.io/.well-known/human.json,https://fyr.io,0.1.1,link,2,https://www.shellsharks.com https://jamesg.blog
https://ageofdatini.info/human2.json,https://ageofdatini.info/,0.1.1,link,2,https://bookandsword.com/ https://tzovar.as/
https://tcrouzet.com/human.json,https://tcrouzet.com,0.1.1,link,2,https://ploum.net/ https://727bikepacking.fr/
https://isaaclyman.com/human.json,https://isaaclyman.com,0.1.1,link,2,https://freakinheck.party https://www.eamoncaddigan.net
https://727bikepacking.fr/human.json,https://727bikepacking.fr,0.1.1,link,2,https://ploum.net/ https://tcrouzet.com/
https://cv.autiomaa.org/human.json,https://cv.autiomaa.org,0.1.1,link,2,https://autiomaa.org https://autiomaa.galleria.fi
https://www.greg-woods.tech/human.json,https://greg-woods.tech,0.1.1,fallback,2,https://simons.ac https://meistermeier.com
https://krrd.ing/assets/human.json,https://krrd.ing,0.1.1,link,2,https://neatnik.net https://nicksimson.com
https://roger-parkinson.com/human.json,https://roger-parkinson.com/,0.1.1,fallback,2,https://madurasoftware.com https://shayneparkinson.com
https://crystaldrift.net/human.json,https://crystaldrift.net,0.1.1,link,2,https://robida.net https://ploum.net
https://dominikschwind.com/human.json,https://dominikschwind.com/,0.1.1,link,2,https://lostfocus.de https://nona.social/@dominik
https://voxelmanip.se/human.json,https://voxelmanip.se,0.1.1,link,2,https://krisbug.xyz https://hamatti.org
https://www.selfawaresoup.com/human.json,https://www.selfawaresoup.com,0.1.1,fallback,2,https://tante.cc https://www.aesthr.com
https://midirus.com/human.json,https://midirus.com,0.1.1,link,2,https://eevie.ro https://sanityinc.com/
https://codingstruggles.com/human-json,https://codingstruggles.com/,0.1.1,link,2,https://marcosh.github.io/ https://fpringle.com/
https://fpringle.com/human.json,https://fpringle.com,0.1.1,link,2,https://codingstruggles.com https://marcosh.github.io
https://paddyroddy.github.io/talks/_assets/json/human.json,https://paddyroddy.github.io/talks,0.1.1,link,2,https://paddyroddy.github.io https://paddyroddy.github.io/posters
https://www.hempuli.com/human/human.json,https://hempuli.com/,0.1.1,link,2,https://shinmera.com/ https://www.sleeplessdomain.com/
https://www.aesthr.com/human.json,https://www.aesthr.com,0.1.1,fallback,2,https://tante.cc https://www.selfawaresoup.com
https://robida.neocities.org/human.json,https://robida.neocities.org,0.1.1,link,1,https://robida.micro.blog/
https://blog.firedrake.org/human.json,https://blog.firedrake.org/,0.1.1,link,1,https://neilzone.co.uk/
https://html-chunder.neocities.org/human.json,https://html-chunder.neocities.org,0.1.1,link,1,https://lazybea.rs
https://solariz.de/human.json,https://solariz.de,0.1.1,link,1,https://burgeonlab.com
https://khrys.eu.org/json/human.json,https://khrys.eu.org,0.1.1,link,1,https://www.onepict.com/
https://www.paulwalk.net/human.json,https://www.paulwalk.net,0.1.1,link,1,https://cogdogblog.com/
https://blog.darylsun.page/human.json,https://blog.darylsun.page,0.1.1,link,1,https://darylsun.page
https://vonexplaino.com/.well-known/human.json,https://vonexplaino.com,0.1.1,link,1,https://www.200ok.com.au
https://mattwidmann.net/human.json,https://mattwidmann.net/,0.1.1,fallback,1,https://evanhahn.com/
https://vlad.website/human.json,https://vlad.website,0.1.1,link,1,https://sethmlarson.dev
https://janogonzalez.com/human.json,https://janogonzalez.com,0.1.1,link,1,https://denisdefreyne.com
https://www.corkcorner.space/human.json,https://corkcorner.space,0.1.1,link,1,https://akselmo.dev
https://hyteck.de/human.json,https://hyteck.de,1.0.0,fallback,1,https://notfellchen.org
https://blog.genma.fr/human.json,https://blog.genma.fr,0.1.1,link,1,https://www.opensource-experts.com
https://paddyroddy.github.io/blog/human.json,https://paddyroddy.github.io/blog,0.1.1,link,1,https://paddyroddy.github.io
https://paddyroddy.github.io/posters/human.json,https://paddyroddy.github.io/posters,0.1.1,link,1,https://paddyroddy.github.io
https://enough.computer/human.json,https://enough.computer,0.1.1,link,1,https://undef.me
https://look-a.camera/human.json,https://look-a.camera,0.1.1,link,1,https://виж.camera
https://www.opensource-experts.com/human.json,https://www.opensource-experts.com,0.1.1,link,1,https://blog.genma.fr
https://imrannazar.com/human.json,https://imrannazar.com/,0.1.1,link,1,https://eevie.ro/
https://www.ottorask.com/human.json,https://www.ottorask.com,0.1.1,link,0,
https://dbuho.me/human.json,https://dbuho.me,0.1.1,link,0,
https://mkhl.codeberg.page/human.json,https://mkhl.codeberg.page,0.1.1,link,0,
https://mterry.name/human.json,https://mterry.name/,0.1.1,link,0,
https://seres.eu.org/res/human.json,https://seres.eu.org,0.1.1,link,0,
https://simon.kolkmann.dev/human.json,https://simon.kolkmann.dev,0.1.1,link,0,
https://www.paulcutler.org/assets/human.json,https://paulcutler.org,0.1.1,link,0,
https://www.screamingatmyscreen.com/slash/human.json,https://www.screamingatmyscreen.com,0.1.1,link,0,
